sampleID	forward-absolute-filepath	reverse-absolute-filepath
WTD0R1	$PWD/1_AGCCTTCGTCGC_1.fastq.gz	$PWD/1_AGCCTTCGTCGC_2.fastq.gz
WTD0R2	$PWD/2_TCCATACCGGAA_1.fastq.gz	$PWD/2_TCCATACCGGAA_2.fastq.gz
WTD0R3	$PWD/3_AGCCCTGCTACA_1.fastq.gz	$PWD/3_AGCCCTGCTACA_2.fastq.gz
WTD5PKMR1	$PWD/4_CCTAACGGTCCA_1.fastq.gz	$PWD/4_CCTAACGGTCCA_2.fastq.gz
WTD5PKMR2	$PWD/5_CGCGCCTTAAAC_1.fastq.gz	$PWD/5_CGCGCCTTAAAC_2.fastq.gz
WTD5PKMR3	$PWD/6_TATGGTACCCAG_1.fastq.gz	$PWD/6_TATGGTACCCAG_2.fastq.gz
WTD5CF70R2	$PWD/8_AATTTAGGTAGG_1.fastq.gz	$PWD/8_AATTTAGGTAGG_2.fastq.gz
WTD5CF70R3	$PWD/9_GACTCAACCAGT_1.fastq.gz	$PWD/9_GACTCAACCAGT_2.fastq.gz
WTD5SBMR1	$PWD/10_GCCTCTACGTCG_1.fastq.gz	$PWD/10_GCCTCTACGTCG_2.fastq.gz
WTD5SBMR2	$PWD/11_ACTACTGAGGAT_1.fastq.gz	$PWD/11_ACTACTGAGGAT_2.fastq.gz
WTD5SBMR3	$PWD/12_AATTCACCTCCT_1.fastq.gz	$PWD/12_AATTCACCTCCT_2.fastq.gz
WTD5NUSR1	$PWD/13_CGTATAAATGCG_1.fastq.gz	$PWD/13_CGTATAAATGCG_2.fastq.gz
WTD5NUSR2	$PWD/14_ATGCTGCAACAC_1.fastq.gz	$PWD/14_ATGCTGCAACAC_2.fastq.gz
WTD5NUSR3	$PWD/15_ACTCGCTCGCTG_1.fastq.gz	$PWD/15_ACTCGCTCGCTG_2.fastq.gz
WTD5OKAR1	$PWD/16_TTCCTTAGTAGT_1.fastq.gz	$PWD/16_TTCCTTAGTAGT_2.fastq.gz
WTD5OKAR2	$PWD/17_CGTCCGTATGAA_1.fastq.gz	$PWD/17_CGTCCGTATGAA_2.fastq.gz
WTD5OKAR3	$PWD/18_ACGTGAGGAACG_1.fastq.gz	$PWD/18_ACGTGAGGAACG_2.fastq.gz
WTD5RIBR1	$PWD/19_GGTTGCCCTGTA_1.fastq.gz	$PWD/19_GGTTGCCCTGTA_2.fastq.gz
WTD5RIBR2	$PWD/20_CATATAGCCCGA_1.fastq.gz	$PWD/20_CATATAGCCCGA_2.fastq.gz
WTD5RIBR3	$PWD/21_GCCTATGAGATC_1.fastq.gz	$PWD/21_GCCTATGAGATC_2.fastq.gz
WTD5MHPR1	$PWD/22_CAAGTGAAGGGA_1.fastq.gz	$PWD/22_CAAGTGAAGGGA_2.fastq.gz
WTD5MHPR2	$PWD/23_CACGTTTATTCC_1.fastq.gz	$PWD/23_CACGTTTATTCC_2.fastq.gz
WTD5MHPR3	$PWD/24_TAATCGGTGCCA_1.fastq.gz	$PWD/24_TAATCGGTGCCA_2.fastq.gz
WTD5MR1	$PWD/25_TGACTAATGGCC_1.fastq.gz	$PWD/25_TGACTAATGGCC_2.fastq.gz
WTD5MR2	$PWD/26_CGGGACACCCGA_1.fastq.gz	$PWD/26_CGGGACACCCGA_2.fastq.gz
WTD5MR3	$PWD/27_CTGTCTATACTA_1.fastq.gz	$PWD/27_CTGTCTATACTA_2.fastq.gz
WTD5MLPR1	$PWD/28_TATGCCAGAGAT_1.fastq.gz	$PWD/28_TATGCCAGAGAT_2.fastq.gz
WTD5MLPR2	$PWD/29_CGTTTGGAATGA_1.fastq.gz	$PWD/29_CGTTTGGAATGA_2.fastq.gz
WTD5MLPR3	$PWD/30_AAGAACTCATGA_1.fastq.gz	$PWD/30_AAGAACTCATGA_2.fastq.gz
WTD5PR1	$PWD/31_TGATATCGTCTT_1.fastq.gz	$PWD/31_TGATATCGTCTT_2.fastq.gz
WTD5PR2	$PWD/32_CGGTGACCTACT_1.fastq.gz	$PWD/32_CGGTGACCTACT_2.fastq.gz
WTD5PR3	$PWD/33_AATGCGCGTATA_1.fastq.gz	$PWD/33_AATGCGCGTATA_2.fastq.gz
WTD10PKMR1	$PWD/34_CTTGATTCTTGA_1.fastq.gz	$PWD/34_CTTGATTCTTGA_2.fastq.gz
WTD10PKMR2	$PWD/35_GAAATCTTGAAG_1.fastq.gz	$PWD/35_GAAATCTTGAAG_2.fastq.gz
WTD10PKMR3	$PWD/36_GAGATACAGTTC_1.fastq.gz	$PWD/36_GAGATACAGTTC_2.fastq.gz
WTD10CF70R1	$PWD/37_GTGGAGTCTCAT_1.fastq.gz	$PWD/37_GTGGAGTCTCAT_2.fastq.gz
WTD10CF70R2	$PWD/38_ACCTTACACCTT_1.fastq.gz	$PWD/38_ACCTTACACCTT_2.fastq.gz
WTD10CF70R3	$PWD/39_TAATCTCGCCGG_1.fastq.gz	$PWD/39_TAATCTCGCCGG_2.fastq.gz
WTD10SBMR1	$PWD/40_ATCTAGTGGCAA_1.fastq.gz	$PWD/40_ATCTAGTGGCAA_2.fastq.gz
WTD10SBMR2	$PWD/41_AGCCTTCGTCGC_1.fastq.gz	$PWD/41_AGCCTTCGTCGC_2.fastq.gz
WTD10SBMR3	$PWD/42_TCCATACCGGAA_1.fastq.gz	$PWD/42_TCCATACCGGAA_2.fastq.gz
WTD10NUSR1	$PWD/43_AGCCCTGCTACA_1.fastq.gz	$PWD/43_AGCCCTGCTACA_2.fastq.gz
WTD10NUSR2	$PWD/44_CCTAACGGTCCA_1.fastq.gz	$PWD/44_CCTAACGGTCCA_2.fastq.gz
WTD10NUSR3	$PWD/45_CGCGCCTTAAAC_1.fastq.gz	$PWD/45_CGCGCCTTAAAC_2.fastq.gz
WTD10OKAR1	$PWD/46_TATGGTACCCAG_1.fastq.gz	$PWD/46_TATGGTACCCAG_2.fastq.gz
WTD10OKAR2	$PWD/47_TACAATATCTGT_1.fastq.gz	$PWD/47_TACAATATCTGT_2.fastq.gz
WTD10OKAR3	$PWD/48_AATTTAGGTAGG_1.fastq.gz	$PWD/48_AATTTAGGTAGG_2.fastq.gz
WTD10RIBR1	$PWD/49_GACTCAACCAGT_1.fastq.gz	$PWD/49_GACTCAACCAGT_2.fastq.gz
WTD10RIBR2	$PWD/50_GCCTCTACGTCG_1.fastq.gz	$PWD/50_GCCTCTACGTCG_2.fastq.gz
WTD10RIBR3	$PWD/51_ACTACTGAGGAT_1.fastq.gz	$PWD/51_ACTACTGAGGAT_2.fastq.gz
WTD10MHPR1	$PWD/52_AATTCACCTCCT_1.fastq.gz	$PWD/52_AATTCACCTCCT_2.fastq.gz
WTD10MHPR2	$PWD/53_CGTATAAATGCG_1.fastq.gz	$PWD/53_CGTATAAATGCG_2.fastq.gz
WTD10MHPR3	$PWD/54_ATGCTGCAACAC_1.fastq.gz	$PWD/54_ATGCTGCAACAC_2.fastq.gz
WTD10MR1	$PWD/55_ACTCGCTCGCTG_1.fastq.gz	$PWD/55_ACTCGCTCGCTG_2.fastq.gz
WTD10MR2	$PWD/56_TTCCTTAGTAGT_1.fastq.gz	$PWD/56_TTCCTTAGTAGT_2.fastq.gz
WTD10MR3	$PWD/57_CGTCCGTATGAA_1.fastq.gz	$PWD/57_CGTCCGTATGAA_2.fastq.gz
WTD10MLPR1	$PWD/58_ACGTGAGGAACG_1.fastq.gz	$PWD/58_ACGTGAGGAACG_2.fastq.gz
WTD10MLPR2	$PWD/59_GGTTGCCCTGTA_1.fastq.gz	$PWD/59_GGTTGCCCTGTA_2.fastq.gz
WTD10MLPR3	$PWD/60_CATATAGCCCGA_1.fastq.gz	$PWD/60_CATATAGCCCGA_2.fastq.gz
WTD10PR1	$PWD/61_GCCTATGAGATC_1.fastq.gz	$PWD/61_GCCTATGAGATC_2.fastq.gz
WTD10PR2	$PWD/62_CAAGTGAAGGGA_1.fastq.gz	$PWD/62_CAAGTGAAGGGA_2.fastq.gz
WTD10PR3	$PWD/63_CACGTTTATTCC_1.fastq.gz	$PWD/63_CACGTTTATTCC_2.fastq.gz
LDD0R1	$PWD/64_TAATCGGTGCCA_1.fastq.gz	$PWD/64_TAATCGGTGCCA_2.fastq.gz
LDD0R2	$PWD/65_TGACTAATGGCC_1.fastq.gz	$PWD/65_TGACTAATGGCC_2.fastq.gz
LDD0R3	$PWD/66_CGGGACACCCGA_1.fastq.gz	$PWD/66_CGGGACACCCGA_2.fastq.gz
LDD5PKMR1	$PWD/67_CTGTCTATACTA_1.fastq.gz	$PWD/67_CTGTCTATACTA_2.fastq.gz
LDD5PKMR2	$PWD/68_TATGCCAGAGAT_1.fastq.gz	$PWD/68_TATGCCAGAGAT_2.fastq.gz
LDD5PKMR3	$PWD/69_CGTTTGGAATGA_1.fastq.gz	$PWD/69_CGTTTGGAATGA_2.fastq.gz
LDD5CF70R1	$PWD/70_AAGAACTCATGA_1.fastq.gz	$PWD/70_AAGAACTCATGA_2.fastq.gz
LDD5CF70R2	$PWD/71_TGATATCGTCTT_1.fastq.gz	$PWD/71_TGATATCGTCTT_2.fastq.gz
LDD5CF70R3	$PWD/72_CGGTGACCTACT_1.fastq.gz	$PWD/72_CGGTGACCTACT_2.fastq.gz
LDD5SBMR1	$PWD/73_AATGCGCGTATA_1.fastq.gz	$PWD/73_AATGCGCGTATA_2.fastq.gz
LDD5SBMR2	$PWD/74_CTTGATTCTTGA_1.fastq.gz	$PWD/74_CTTGATTCTTGA_2.fastq.gz
LDD5SBMR3	$PWD/75_GAAATCTTGAAG_1.fastq.gz	$PWD/75_GAAATCTTGAAG_2.fastq.gz
LDD5NUSR1	$PWD/76_GAGATACAGTTC_1.fastq.gz	$PWD/76_GAGATACAGTTC_2.fastq.gz
LDD5NUSR2	$PWD/77_GTGGAGTCTCAT_1.fastq.gz	$PWD/77_GTGGAGTCTCAT_2.fastq.gz
LDD5NUSR3	$PWD/78_ACCTTACACCTT_1.fastq.gz	$PWD/78_ACCTTACACCTT_2.fastq.gz
LDD5OKAR1	$PWD/79_TAATCTCGCCGG_1.fastq.gz	$PWD/79_TAATCTCGCCGG_2.fastq.gz
LDD5OKAR2	$PWD/80_ATCTAGTGGCAA_1.fastq.gz	$PWD/80_ATCTAGTGGCAA_2.fastq.gz
LDD5OKAR3	$PWD/81_AGCCTTCGTCGC_1.fastq.gz	$PWD/81_AGCCTTCGTCGC_2.fastq.gz
LDD5RIBR1	$PWD/82_TCCATACCGGAA_1.fastq.gz	$PWD/82_TCCATACCGGAA_2.fastq.gz
LDD5RIBR2	$PWD/83_AGCCCTGCTACA_1.fastq.gz	$PWD/83_AGCCCTGCTACA_2.fastq.gz
LDD5RIBR3	$PWD/84_CCTAACGGTCCA_1.fastq.gz	$PWD/84_CCTAACGGTCCA_2.fastq.gz
LDD5MHPR1	$PWD/85_CGCGCCTTAAAC_1.fastq.gz	$PWD/85_CGCGCCTTAAAC_2.fastq.gz
LDD5MHPR2	$PWD/86_TATGGTACCCAG_1.fastq.gz	$PWD/86_TATGGTACCCAG_2.fastq.gz
LDD5MHPR3	$PWD/87_TACAATATCTGT_1.fastq.gz	$PWD/87_TACAATATCTGT_2.fastq.gz
LDD5MR1	$PWD/88_AATTTAGGTAGG_1.fastq.gz	$PWD/88_AATTTAGGTAGG_2.fastq.gz
LDD5MR2	$PWD/89_GACTCAACCAGT_1.fastq.gz	$PWD/89_GACTCAACCAGT_2.fastq.gz
LDD5MR3	$PWD/90_GCCTCTACGTCG_1.fastq.gz	$PWD/90_GCCTCTACGTCG_2.fastq.gz
LDD5MLPR1	$PWD/91_ACTACTGAGGAT_1.fastq.gz	$PWD/91_ACTACTGAGGAT_2.fastq.gz
LDD5MLPR2	$PWD/92_AATTCACCTCCT_1.fastq.gz	$PWD/92_AATTCACCTCCT_2.fastq.gz
LDD5MLPR3	$PWD/93_CGTATAAATGCG_1.fastq.gz	$PWD/93_CGTATAAATGCG_2.fastq.gz
LDD5PR1	$PWD/94_ATGCTGCAACAC_1.fastq.gz	$PWD/94_ATGCTGCAACAC_2.fastq.gz
LDD5PR2	$PWD/95_ACTCGCTCGCTG_1.fastq.gz	$PWD/95_ACTCGCTCGCTG_2.fastq.gz
LDD5PR3	$PWD/96_TTCCTTAGTAGT_1.fastq.gz	$PWD/96_TTCCTTAGTAGT_2.fastq.gz
LDD10PKMR1	$PWD/97_CGTCCGTATGAA_1.fastq.gz	$PWD/97_CGTCCGTATGAA_2.fastq.gz
LDD10PKMR2	$PWD/98_ACGTGAGGAACG_1.fastq.gz	$PWD/98_ACGTGAGGAACG_2.fastq.gz
LDD10PKMR3	$PWD/99_GGTTGCCCTGTA_1.fastq.gz	$PWD/99_GGTTGCCCTGTA_2.fastq.gz
LDD10CF70R1	$PWD/100_CATATAGCCCGA_1.fastq.gz	$PWD/100_CATATAGCCCGA_2.fastq.gz
LDD10CF70R2	$PWD/101_GCCTATGAGATC_1.fastq.gz	$PWD/101_GCCTATGAGATC_2.fastq.gz
LDD10CF70R3	$PWD/102_CAAGTGAAGGGA_1.fastq.gz	$PWD/102_CAAGTGAAGGGA_2.fastq.gz
LDD10SBMR1	$PWD/103_CACGTTTATTCC_1.fastq.gz	$PWD/103_CACGTTTATTCC_2.fastq.gz
LDD10SBMR2	$PWD/104_TAATCGGTGCCA_1.fastq.gz	$PWD/104_TAATCGGTGCCA_2.fastq.gz
LDD10SBMR3	$PWD/105_TGACTAATGGCC_1.fastq.gz	$PWD/105_TGACTAATGGCC_2.fastq.gz
LDD10NUSR1	$PWD/106_CGGGACACCCGA_1.fastq.gz	$PWD/106_CGGGACACCCGA_2.fastq.gz
LDD10NUSR2	$PWD/107_CTGTCTATACTA_1.fastq.gz	$PWD/107_CTGTCTATACTA_2.fastq.gz
LDD10NUSR3	$PWD/108_TATGCCAGAGAT_1.fastq.gz	$PWD/108_TATGCCAGAGAT_2.fastq.gz
LDD10OKAR1	$PWD/109_CGTTTGGAATGA_1.fastq.gz	$PWD/109_CGTTTGGAATGA_2.fastq.gz
LDD10OKAR2	$PWD/110_AAGAACTCATGA_1.fastq.gz	$PWD/110_AAGAACTCATGA_2.fastq.gz
LDD10OKAR3	$PWD/111_TGATATCGTCTT_1.fastq.gz	$PWD/111_TGATATCGTCTT_2.fastq.gz
LDD10RIBR1	$PWD/112_CGGTGACCTACT_1.fastq.gz	$PWD/112_CGGTGACCTACT_2.fastq.gz
LDD10RIBR2	$PWD/113_AATGCGCGTATA_1.fastq.gz	$PWD/113_AATGCGCGTATA_2.fastq.gz
LDD10RIBR3	$PWD/114_CTTGATTCTTGA_1.fastq.gz	$PWD/114_CTTGATTCTTGA_2.fastq.gz
LDD10MHPR1	$PWD/115_GAAATCTTGAAG_1.fastq.gz	$PWD/115_GAAATCTTGAAG_2.fastq.gz
LDD10MHPR2	$PWD/116_GAGATACAGTTC_1.fastq.gz	$PWD/116_GAGATACAGTTC_2.fastq.gz
LDD10MHPR3	$PWD/117_GTGGAGTCTCAT_1.fastq.gz	$PWD/117_GTGGAGTCTCAT_2.fastq.gz
LDD10MR1	$PWD/118_ACCTTACACCTT_1.fastq.gz	$PWD/118_ACCTTACACCTT_2.fastq.gz
LDD10MR2	$PWD/119_TAATCTCGCCGG_1.fastq.gz	$PWD/119_TAATCTCGCCGG_2.fastq.gz
LDD10MR3	$PWD/120_ATCTAGTGGCAA_1.fastq.gz	$PWD/120_ATCTAGTGGCAA_2.fastq.gz
LDD10MLPR1	$PWD/121_AGCCTTCGTCGC_1.fastq.gz	$PWD/121_AGCCTTCGTCGC_2.fastq.gz
LDD10MLPR2	$PWD/122_TCCATACCGGAA_1.fastq.gz	$PWD/122_TCCATACCGGAA_2.fastq.gz
LDD10MLPR3	$PWD/123_AGCCCTGCTACA_1.fastq.gz	$PWD/123_AGCCCTGCTACA_2.fastq.gz
LDD10PR1	$PWD/124_CCTAACGGTCCA_1.fastq.gz	$PWD/124_CCTAACGGTCCA_2.fastq.gz
LDD10PR2	$PWD/125_CGCGCCTTAAAC_1.fastq.gz	$PWD/125_CGCGCCTTAAAC_2.fastq.gz
LDD10PR3	$PWD/126_TATGGTACCCAG_1.fastq.gz	$PWD/126_TATGGTACCCAG_2.fastq.gz